4.98E-01	20	800	0	1	0	2.55E-01
5.35E-01	20	800	0	1	0	2.96E-01
5.69E-01	20	800	0	1	0	3.41E-01
6.01E-01	20	800	0	1	0	3.81E-01
6.24E-01	20	800	0	1	0	4.22E-01
6.59E-01	20	800	0	1	0	4.66E-01
7.01E-01	20	800	0	1	0	5.23E-01
7.40E-01	20	800	0	1	0	5.72E-01
7.69E-01	20	800	0	1	0	6.12E-01
7.98E-01	20	800	0	1	0	6.53E-01
8.30E-01	20	800	0	1	0	6.89E-01
8.59E-01	20	800	0	1	0	7.22E-01
8.93E-01	20	800	0	1	0	7.54E-01
9.30E-01	20	800	0	1	0	7.82E-01
9.64E-01	20	800	0	1	0	8.07E-01
1.00E+00	20	800	0	1	0	8.23E-01
1.03E+00	20	800	0	1	0	8.35E-01
1.07E+00	20	800	0	1	0	8.35E-01
1.10E+00	20	800	0	1	0	8.35E-01
1.13E+00	20	800	0	1	0	8.15E-01
1.16E+00	20	800	0	1	0	8.03E-01
1.18E+00	20	800	0	1	0	7.91E-01
1.21E+00	20	800	0	1	0	7.66E-01
1.23E+00	20	800	0	1	0	7.46E-01
1.26E+00	20	800	0	1	0	7.26E-01
1.27E+00	20	800	0	1	0	7.01E-01
1.29E+00	20	800	0	1	0	6.77E-01
1.30E+00	20	800	0	1	0	6.49E-01
1.33E+00	20	800	0	1	0	6.28E-01
1.35E+00	20	800	0	1	0	6.04E-01
1.38E+00	20	800	0	1	0	5.72E-01
1.40E+00	20	800	0	1	0	5.55E-01
1.43E+00	20	800	0	1	0	5.39E-01
1.46E+00	20	800	0	1	0	5.23E-01
1.50E+00	20	800	0	1	0	4.99E-01
5.01E-01	20	800	0	1	0	3.36E-01
5.24E-01	20	800	0	1	0	3.93E-01
0.5482317109	10	800	0	1	0	4.42E-01
0.579865752	10	800	0	1	0	4.99E-01
0.6035779762	10	800	0	1	0	5.35E-01
0.6272902005	10	800	0	1	0	5.72E-01
0.6510201668	10	800	0	1	0	6.16E-01
0.6773759536	10	800	0	1	0	6.61E-01
0.6958454078	10	800	0	1	0	7.01E-01
0.7248358862	10	800	0	1	0	7.50E-01
0.7591134899	10	800	0	1	0	8.15E-01
0.7933644805	10	800	0	1	0	8.68E-01
0.8328671122	10	800	0	1	0	9.20E-01
0.8671003608	10	800	0	1	0	9.65E-01
0.8986723047	10	800	0	1	0	9.93E-01
0.9460257851	10	800	0	1	0	1.03E+00
0.9986309066	10	800	0	1	0	1.07E+00
1.040661778	10	800	0	1	0	1.08E+00
1.10104678	10	800	0	1	0	1.08E+00
1.140354249	10	800	0	1	0	1.04E+00
1.174436691	10	800	0	1	0	1.02E+00
1.203267491	10	800	0	1	0	9.93E-01
1.229410373	10	800	0	1	0	9.41E-01
1.260804897	10	800	0	1	0	8.88E-01
1.297406706	10	800	0	1	0	8.15E-01
1.336705305	10	800	0	1	0	7.74E-01
1.365482879	10	800	0	1	0	7.26E-01
1.407354072	10	800	0	1	0	6.61E-01
1.44402685	10	800	0	1	0	6.20E-01
1.48E+00	10	800	0	1	0	5.88E-01
1.50E+00	10	800	0	1	0	5.72E-01
1.00E+00	80	800	1.89E-03	1	0	1.23E+00
1.00E+00	80	800	2.70E-02	1	0	1.16E+00
1.00E+00	80	800	5.96E-02	1	0	1.06E+00
1.00E+00	80	800	9.97E-02	1	0	9.68E-01
1.00E+00	80	800	1.27E-01	1	0	9.04E-01
1.00E+00	80	800	1.56E-01	1	0	8.51E-01
1.00E+00	80	800	1.82E-01	1	0	7.77E-01
1.00E+00	80	800	2.04E-01	1	0	7.13E-01
1.00E+00	80	800	2.29E-01	1	0	6.81E-01
1.00E+00	80	800	2.59E-01	1	0	6.17E-01
1.00E+00	80	800	2.92E-01	1	0	5.53E-01
1.00E+00	80	800	3.27E-01	1	0	4.68E-01
1.00E+00	80	800	3.74E-01	1	0	3.83E-01
1.00E+00	80	800	3.99E-01	1	0	3.19E-01
1.00E+00	80	800	4.40E-01	1	0	2.77E-01
1.00E+00	80	800	4.82E-01	1	0	2.23E-01
1.00E+00	80	800	5.27E-01	1	0	1.60E-01
1.00E+00	80	800	5.67E-01	1	0	1.06E-01
1.00E+00	80	800	5.96E-01	1	0	7.45E-02
1.00E+00	40	800	4.16E-04	1	0	1.67E+00
1.00E+00	40	800	2.05E-02	1	0	1.62E+00
1.00E+00	40	800	5.31E-02	1	0	1.50E+00
1.00E+00	40	800	7.19E-02	1	0	1.45E+00
1.00E+00	40	800	9.95E-02	1	0	1.35E+00
1.00E+00	40	800	1.40E-01	1	0	1.23E+00
1.00E+00	40	800	0.1710318483	1	0	1.15E+00
1.00E+00	40	800	0.2011371208	1	0	1.06E+00
1.00E+00	40	800	0.2287265136	1	0	1.00E+00
1.00E+00	40	800	0.2676107138	1	0	8.94E-01
1.00E+00	40	800	0.2977159863	1	0	8.09E-01
1.00E+00	40	800	0.3340896371	1	0	7.13E-01
1.00E+00	40	800	0.3679580687	1	0	6.17E-01
1.00E+00	40	800	0.3993159508	1	0	5.32E-01
1.00E+00	40	800	0.4331683916	1	0	4.68E-01
1.00E+00	40	800	0.4820628082	1	0	3.83E-01
1.00E+00	40	800	0.5259521166	1	0	2.87E-01
1.00E+00	40	800	0.5961675476	1	0	1.49E-01
1.00E+00	20	800	0.0002665126816	1	0	1.97E+00
1.00E+00	20	800	0.04291920224	1	0	1.84E+00
1.00E+00	20	800	0.07679296407	1	0	1.73E+00
1.00E+00	20	800	0.1006298583	1	0	1.66E+00
1.00E+00	20	800	0.1382721094	1	0	1.53E+00
1.00E+00	20	800	0.1708932617	1	0	1.43E+00
1.00E+00	20	800	0.2022511438	1	0	1.34E+00
1.00E+00	20	800	0.2336303469	1	0	1.21E+00
1.00E+00	20	800	0.2725198774	1	0	1.10E+00
1.00E+00	20	800	0.3252094345	1	0	9.36E-01
1.00E+00	20	800	0.3565779772	1	0	8.30E-01
1.00E+00	20	800	0.3992413272	1	0	6.81E-01
1.00E+00	20	800	0.433093768	1	0	6.17E-01
1.00E+00	20	800	0.4970568116	1	0	4.57E-01
1.00E+00	20	800	0.5321778528	1	0	3.62E-01
1.00E+00	20	800	0.5622831253	1	0	2.77E-01
1.00E+00	20	800	0.5973881757	1	0	2.13E-01
1.00E+00	80	800	-0.0008421052632	0.85	0.15	5.39E-01
1.00E+00	80	800	0.02526315789	0.85	0.15	5.15E-01
1.00E+00	80	800	0.05389473684	0.85	0.15	4.85E-01
1.00E+00	80	800	0.1010526316	0.85	0.15	4.32E-01
1.00E+00	80	800	0.1254736842	0.85	0.15	4.08E-01
1.00E+00	80	800	0.16	0.85	0.15	3.84E-01
1.00E+00	80	800	0.1869473684	0.85	0.15	3.60E-01
1.00E+00	80	800	0.2012631579	0.85	0.15	3.43E-01
1.00E+00	80	800	0.2298947368	0.85	0.15	3.25E-01
1.00E+00	80	800	0.2534736842	0.85	0.15	3.13E-01
1.00E+00	80	800	0.2846315789	0.85	0.15	2.83E-01
1.00E+00	80	800	0.3124210526	0.85	0.15	2.65E-01
1.00E+00	80	800	0.3494736842	0.85	0.15	2.29E-01
1.00E+00	80	800	0.3747368421	0.85	0.15	2.17E-01
1.00E+00	80	800	0.4	0.85	0.15	1.93E-01
1.00E+00	4.00E+01	800	0.0008421052632	0.85	0.15	7.15E-01
1.00E+00	4.00E+01	800	0.01768421053	0.85	0.15	6.68E-01
1.00E+00	4.00E+01	800	0.04378947368	0.85	0.15	6.09E-01
1.00E+00	4.00E+01	800	0.07831578947	0.85	0.15	5.38E-01
1.00E+00	4.00E+01	800	0.1010526316	0.85	0.15	4.85E-01
1.00E+00	4.00E+01	800	0.1305263158	0.85	0.15	4.67E-01
1.00E+00	4.00E+01	800	0.1642105263	0.85	0.15	4.49E-01
1.00E+00	4.00E+01	800	0.2004210526	0.85	0.15	4.31E-01
1.00E+00	4.00E+01	800	0.2315789474	0.85	0.15	3.95E-01
1.00E+00	4.00E+01	800	0.272	0.85	0.15	3.53E-01
1.00E+00	4.00E+01	800	0.3107368421	0.85	0.15	3.12E-01
1.00E+00	4.00E+01	800	0.3604210526	0.85	0.15	2.64E-01
1.00E+00	4.00E+01	800	0.4	0.85	0.15	2.28E-01
1.00E+00	9.09E+00	800	0.0008421052632	0.85	0.15	1.18E+00
1.00E+00	9.09E+00	800	0.02947368421	0.85	0.15	1.11E+00
1.00E+00	9.09E+00	800	0.06989473684	0.85	0.15	9.95E-01
1.00E+00	9.09E+00	800	0.1018947368	0.85	0.15	9.01E-01
1.00E+00	9.09E+00	800	0.1355789474	0.85	0.15	8.18E-01
1.00E+00	9.09E+00	800	0.1717894737	0.85	0.15	7.24E-01
1.00E+00	9.09E+00	800	0.1995789474	0.85	0.15	6.53E-01
1.00E+00	9.09E+00	800	0.2307368421	0.85	0.15	5.94E-01
1.00E+00	9.09E+00	800	0.2635789474	0.85	0.15	5.29E-01
1.00E+00	9.09E+00	800	0.3031578947	0.85	0.15	4.52E-01
1.00E+00	9.09E+00	800	0.3343157895	0.85	0.15	3.99E-01
1.00E+00	9.09E+00	800	0.3612631579	0.85	0.15	3.40E-01
1.00E+00	9.09E+00	800	0.3873684211	0.85	0.15	2.93E-01
1.00E+00	9.09E+00	800	0.4	0.85	0.15	2.69E-01
1	8.00E+01	800	0.000579297246	0.75	0.25	6.33E-01
1	8.00E+01	800	0.02619183286	0.75	0.25	6.01E-01
1	8.00E+01	800	0.05820987654	0.75	0.25	5.65E-01
1	8.00E+01	800	0.1004605888	0.75	0.25	5.03E-01
1	8.00E+01	800	0.1401614435	0.75	0.25	4.56E-01
1	8.00E+01	800	0.1875498575	0.75	0.25	4.04E-01
1	8.00E+01	800	0.2208547009	0.75	0.25	3.73E-01
1	8.00E+01	800	0.2720940171	0.75	0.25	3.27E-01
1	8.00E+01	800	0.3130816714	0.75	0.25	2.85E-01
1	8.00E+01	800	0.3668850902	0.75	0.25	2.39E-01
1	8.00E+01	800	0.4001899335	0.75	0.25	2.07E-01
1	8.00E+01	800	0.4386324786	0.75	0.25	1.87E-01
1	8.00E+01	800	0.4886134853	0.75	0.25	1.66E-01
1	8.00E+01	800	0.5475593542	0.75	0.25	1.35E-01
1	8.00E+01	800	0.5975356125	0.75	0.25	1.09E-01
1	4.00E+01	800	0.0006457739791	0.75	0.25	7.05E-01
1	4.00E+01	800	0.03136752137	0.75	0.25	6.53E-01
1	4.00E+01	800	0.06207977208	0.75	0.25	5.91E-01
1	4.00E+01	800	0.09921177588	0.75	0.25	5.39E-01
1	4.00E+01	800	0.1440503324	0.75	0.25	5.03E-01
1	4.00E+01	800	0.177374169	0.75	0.25	4.93E-01
1	4.00E+01	800	0.1991595442	0.75	0.25	4.82E-01
1	4.00E+01	800	0.235014245	0.75	0.25	4.36E-01
1	4.00E+01	800	0.2631908832	0.75	0.25	4.04E-01
1	4.00E+01	800	0.2900807217	0.75	0.25	3.68E-01
1	4.00E+01	800	0.3233760684	0.75	0.25	3.27E-01
1	4.00E+01	800	0.3669135802	0.75	0.25	2.70E-01
1	4.00E+01	800	0.3989363723	0.75	0.25	2.39E-01
1	4.00E+01	800	0.4399335233	0.75	0.25	2.07E-01
1	4.00E+01	800	0.4822174739	0.75	0.25	1.81E-01
1	4.00E+01	800	0.5321984805	0.75	0.25	1.61E-01
1	4.00E+01	800	0.5975498575	0.75	0.25	1.24E-01
1	4.00E+01	800	0.5975498575	0.75	0.25	1.24E-01
1	9.00E+00	800	0.001201329535	0.75	0.25	1.31E+00
1	9.00E+00	800	0.03573124406	0.75	0.25	1.22E+00
1	9.00E+00	800	0.07537511871	0.75	0.25	1.11E+00
1	9.00E+00	800	0.1009496676	0.75	0.25	1.04E+00
1	9.00E+00	800	0.1329344729	0.75	0.25	9.64E-01
1	9.00E+00	800	0.1572364672	0.75	0.25	9.02E-01
1	9.00E+00	800	0.1802564103	0.75	0.25	8.40E-01
1	9.00E+00	800	0.2007264957	0.75	0.25	7.93E-01
1	9.00E+00	800	0.2314339981	0.75	0.25	7.26E-01
1	9.00E+00	800	0.2595821462	0.75	0.25	6.64E-01
1	9.00E+00	800	0.290294397	0.75	0.25	6.01E-01
1	9.00E+00	800	0.3325213675	0.75	0.25	5.13E-01
1	9.00E+00	800	0.3568376068	0.75	0.25	4.67E-01
1	9.00E+00	800	0.3901044634	0.75	0.25	0.3940740741
1	9.00E+00	800	0.3990598291	0.75	0.25	0.3733333333
1	9.00E+00	800	0.4272364672	0.75	0.25	0.3422222222
1	9.00E+00	800	0.4823076923	0.75	0.25	0.28
1	9.00E+00	800	0.5130389364	0.75	0.25	0.2385185185
1	9.00E+00	800	0.5553038936	0.75	0.25	0.1918518519
1	9.00E+00	800	0.5988509022	0.75	0.25	0.1451851852
1	9.00E+00	800	0.5988509022	0.75	0.25	0.1451851852
5.00E-01	2	400	0.00E+00	1	0	7.63E-02
5.99E-01	2	400	0.00E+00	1	0	9.87E-02
6.99E-01	2	400	0.00E+00	1	0	1.30E-01
8.00E-01	2	400	0.00E+00	1	0	1.66E-01
9.01E-01	2	400	0.00E+00	1	0	1.95E-01
1.00E+00	2	400	0.00E+00	1	0	2.11E-01
1.10E+00	2	400	0.00E+00	1	0	2.13E-01
1.20E+00	2	400	0.00E+00	1	0	1.93E-01
1.30E+00	2	400	0.00E+00	1	0	1.66E-01
5.00E-01	2	400	0.00E+00	0.85	0.15	1.10E-01
5.99E-01	2	400	0.00E+00	0.85	0.15	1.88E-01
7.00E-01	2	400	0.00E+00	0.85	0.15	3.03E-01
8.00E-01	2	400	0.00E+00	0.85	0.15	4.17E-01
9.03E-01	2	400	0.00E+00	0.85	0.15	5.05E-01
9.98E-01	2	400	0.00E+00	0.85	0.15	5.56E-01
1.10E+00	2	400	0.00E+00	0.85	0.15	5.54E-01
1.20E+00	2	400	0.00E+00	0.85	0.15	4.98E-01
1.30E+00	2	400	0.00E+00	0.85	0.15	4.13E-01
5.00E-01	2	400	0.00E+00	0.75	0.25	1.39E-01
5.99E-01	2	400	0.00E+00	0.75	0.25	2.40E-01
7.00E-01	2	400	0.00E+00	0.75	0.25	3.59E-01
8.00E-01	2	400	0.00E+00	0.75	0.25	4.69E-01
9.01E-01	2	400	0.00E+00	0.75	0.25	5.65E-01
1.00E+00	2	400	0.00E+00	0.75	0.25	6.21E-01
1.10E+00	2	400	0.00E+00	0.75	0.25	6.26E-01
1.20E+00	2	400	0.00E+00	0.75	0.25	5.86E-01
1.30E+00	2	400	0.00E+00	0.75	0.25	5.03E-01
1	80	800	0	1	0	1.239669421
1	80	800	0.01684665227	1	0	1.188016529
1	80	800	0.03758099352	1	0	1.136363636
1	80	800	0.05831533477	1	0	1.084710744
1	80	800	0.08034557235	1	0	1.022727273
1	80	800	0.09848812095	1	0	0.9814049587
1	80	800	0.1282937365	1	0	0.8987603306
1	80	800	0.1282937365	1	0	0.8987603306
1	80	800	0.1555075594	1	0	0.847107438
1	80	800	0.1982721382	1	0	0.7334710744
1	80	800	0.2319654428	1	0	0.6714876033
1	80	800	0.264362851	1	0	0.5991735537
1	80	800	0.2993520518	1	0	0.5371900826
1	80	800	0.335637149	1	0	0.4545454545
1	80	800	0.3667386609	1	0	0.402892562
1	80	800	0.3991360691	1	0	0.3409090909
1	80	800	0.4367170626	1	0	0.2995867769
1	80	800	0.4755939525	1	0	0.2376033058
1	80	800	0.5118790497	1	0	0.1962809917
1	80	800	0.5533477322	1	0	0.1446280992
1	80	800	0.5805615551	1	0	0.1136363636
1	80	800	0.5987041037	1	0	0.09297520661
1	40	800	0	1	0	1.66322314
1	40	800	0.03369330454	1	0	1.580578512
1	40	800	0.06738660907	1	0	1.477272727
1	40	800	0.09978401728	1	0	1.373966942
1	40	800	0.1308855292	1	0	1.291322314
1	40	800	0.1671706263	1	0	1.188016529
1	40	800	0.2008639309	1	0	1.084710744
1	40	800	0.2410367171	1	0	0.9710743802
1	40	800	0.2760259179	1	0	0.8780991736
1	40	800	0.3149028078	1	0	0.7747933884
1	40	800	0.3524838013	1	0	0.6818181818
1	40	800	0.3861771058	1	0	0.5888429752
1	40	800	0.3861771058	1	0	0.5888429752
1	40	800	0.4004319654	1	0	0.5578512397
1	40	800	0.4354211663	1	0	0.4855371901
1	40	800	0.4717062635	1	0	0.4132231405
1	40	800	0.5066954644	1	0	0.3409090909
1	40	800	0.5429805616	1	0	0.2685950413
1	40	800	0.5714902808	1	0	0.2066115702
1	40	800	0.5974082073	1	0	0.1446280992
1	20	800	0.001295896328	1	0	1.993801653
1	20	800	0.01943844492	1	0	1.931818182
1	20	800	0.04924406048	1	0	1.828512397
1	20	800	0.08164146868	1	0	1.73553719
1	20	800	0.1010799136	1	0	1.683884298
1	20	800	0.1295896328	1	0	1.580578512
1	20	800	0.1632829374	1	0	1.477272727
1	20	800	0.2008639309	1	0	1.363636364
1	20	800	0.2319654428	1	0	1.25
1	20	800	0.2617710583	1	0	1.146694215
1	20	800	0.2967602592	1	0	1.04338843
1	20	800	0.3304535637	1	0	0.9400826446
1	20	800	0.3641468683	1	0	0.8367768595
1	20	800	0.4004319654	1	0	0.7231404959
1	20	800	0.4328293737	1	0	0.6404958678
1	20	800	0.4652267819	1	0	0.5578512397
1	20	800	0.4989200864	1	0	0.4855371901
1	20	800	0.5339092873	1	0	0.3925619835
1	20	800	0.5637149028	1	0	0.3202479339
1	20	800	0.5818574514	1	0	0.2685950413
1	20	800	0.5987041037	1	0	0.2376033058
1	80	800	0.0003197088609	0.85	0.15	0.5450746979
1	80	800	0.01856352088	0.85	0.15	0.5223855723
1	80	800	0.0401268632	0.85	0.15	0.4997440629
1	80	800	0.06334997067	0.85	0.15	0.4771263615
1	80	800	0.08076390011	0.85	0.15	0.4544253318
1	80	800	0.1006708784	0.85	0.15	0.437497768
1	80	800	0.1222342208	0.85	0.15	0.4148562586
1	80	800	0.1479503771	0.85	0.15	0.3980120231
1	80	800	0.1695137194	0.85	0.15	0.3753705137
1	80	800	0.2002023689	0.85	0.15	0.3471221951
1	80	800	0.2250920438	0.85	0.15	0.3360038093
1	80	800	0.2524645642	0.85	0.15	0.3134456282
1	80	800	0.2823301334	0.85	0.15	0.296660913
1	80	800	0.3130221841	0.85	0.15	0.2741503482
1	80	800	0.3395648218	0.85	0.15	0.2515802631
1	80	800	0.3702602736	0.85	0.15	0.2348074519
1	80	800	0.4001190405	0.85	0.15	0.2065472293
1	40	800	0.001251626179	0.85	0.15	0.7172192131
1	40	800	0.02031171614	0.85	0.15	0.6715909767
1	40	800	0.04766382953	0.85	0.15	0.6146062734
1	40	800	0.07004004864	0.85	0.15	0.5632878995
1	40	800	0.09075650259	0.85	0.15	0.5119457175
1	40	800	0.09987500744	0.85	0.15	0.494863401
1	40	800	0.1297439778	0.85	0.15	0.4838164395
1	40	800	0.155456733	0.85	0.15	0.4612344503
1	40	800	0.1803498091	0.85	0.15	0.4558538182
1	40	800	0.1985970223	0.85	0.15	0.4389024463
1	40	800	0.2309454369	0.85	0.15	0.4106779358
1	40	800	0.2666099807	0.85	0.15	0.3767632879
1	40	800	0.2972986302	0.85	0.15	0.3485149693
1	40	800	0.3263241134	0.85	0.15	0.314505089
1	40	800	0.3536932325	0.85	0.15	0.2862091542
1	40	800	0.3794025866	0.85	0.15	0.2578894113
1	40	800	0.3993129661	0.85	0.15	0.2466996012
1	9.09	800	0.0007040397255	0.85	0.15	1.193440867
1	9.09	800	0.02389993793	0.85	0.15	1.124921136
1	9.09	800	0.05455457583	0.85	0.15	1.03929528
1	9.09	800	0.08272636833	0.85	0.15	0.9651092197
1	9.09	800	0.1009531746	0.85	0.15	0.9137313255
1	9.09	800	0.1299582508	0.85	0.15	0.8452949229
1	9.09	800	0.1622726538	0.85	0.15	0.7596928754
1	9.09	800	0.1863052369	0.85	0.15	0.7026605559
1	9.09	800	0.201215914	0.85	0.15	0.6569727992
1	9.09	800	0.2161401957	0.85	0.15	0.6342360574
1	9.09	800	0.2310644775	0.85	0.15	0.6114993155
1	9.09	800	0.2517843326	0.85	0.15	0.5658948872
1	9.09	800	0.274167354	0.85	0.15	0.5260520207
1	9.09	800	0.2948872091	0.85	0.15	0.4804475924
1	9.09	800	0.3239024888	0.85	0.15	0.4292244509
1	9.09	800	0.3239024888	0.85	0.15	0.4292244509
1	9.09	800	0.3537408488	0.85	0.15	0.3665377061
1	9.09	800	0.3744709073	0.85	0.15	0.3381465389
1	9.09	800	0.3852389739	0.85	0.15	0.3038747694
1	9.09	800	0.4001666567	0.85	0.15	0.2868757812
1	0.9671179884	800	0.2	1	0	1.501425047
1	1.499032882	800	0.2	1	0	1.439399635
1	2.030947776	800	0.2	1	0	1.368540301
1	2.707930368	800	0.2	1	0	1.27112794
1	3.433268859	800	0.2	1	0	1.173698492
1	5.02901354	800	0.2	1	0	0.9699544122
1	5.02901354	800	0.2	1	0	0.9699544122
1	6.141199226	800	0.2	1	0	0.8900561133
1	7.205029014	800	0.2	1	0	0.8190088237
1	8.075435203	800	0.2	1	0	0.7656977261
1	8.994197292	800	0.2	1	0	0.6947016971
1	10.00967118	800	0.2	1	0	0.6236714943
1	10.73500967	800	0.2	1	0	0.6057473464
1	11.36363636	800	0.2	1	0	0.5878573723
1	11.99226306	800	0.2	1	0	0.561133476
1	12.95938104	800	0.2	1	0	0.5342899714
1	13.87814313	800	0.2	1	0	0.5427992427
1	14.99032882	800	0.2	1	0	0.5247383997
1	16.05415861	800	0.2	1	0	0.4978607213
1	17.0696325	800	0.2	1	0	0.4886679744
1	17.89168279	800	0.2	1	0	0.4883774972
1	19.05222437	800	0.2	1	0	0.4879674119
1	20.01934236	800	0.2	1	0	0.4876256741
1	1.015473888	800	0.1	1	0	1.845930928
1	1.934235977	800	0.1	1	0	1.713097443
1	2.901353965	800	0.1	1	0	1.571412949
1	3.868471954	800	0.1	1	0	1.412060611
1	5.02901354	800	0.1	1	0	1.261473847
1	6.141199226	800	0.1	1	0	1.155073781
1	7.108317215	800	0.1	1	0	1.075226743
1	8.172147002	800	0.1	1	0	0.9953455311
1	9.18762089	800	0.1	1	0	0.915481406
1	10.00967118	800	0.1	1	0	0.8356856286
1	11.02514507	800	0.1	1	0	0.8088250371
1	12.04061896	800	0.1	1	0	0.7642966011
1	12.95938104	800	0.1	1	0	0.7286362611
1	14.02321083	800	0.1	1	0	0.7194264273
1	14.89361702	800	0.1	1	0	0.710284941
1	16.05415861	800	0.1	1	0	0.6833730888
1	17.11798839	800	0.1	1	0	0.6829971772
1	17.98839458	800	0.1	1	0	0.6826896132
1	19.05222437	800	0.1	1	0	0.6823137016
1	19.97098646	800	0.1	1	0	0.6819890507
1	1.015473888	800	0	1	0	2.172786052
1	1.837524178	800	0	1	0	2.031152818
1	2.659574468	800	0	1	0	1.90718743
1	3.33655706	800	0	1	0	1.800941146
1	4.061895551	800	0	1	0	1.668176009
1	4.98065764	800	0	1	0	1.544176446
1	5.947775629	800	0	1	0	1.455495486
1	7.156673114	800	0	1	0	1.357895169
1	8.268858801	800	0	1	0	1.242661181
1	9.18762089	800	0	1	0	1.162831229
1	10.00967118	800	0	1	0	1.100703296
1	10.97678917	800	0	1	0	1.038524103
1	11.94390716	800	0	1	0	0.9940127537
1	12.95938104	800	0	1	0	0.9583182399
1	14.07156673	800	0	1	0	0.9490913192
1	15.03868472	800	0	1	0	0.9222478146
1	16.00580271	800	0	1	0	0.8865703877
1	17.21470019	800	0	1	0	0.8773092932
1	17.98839458	800	0	1	0	0.877035903
1	19.10058027	800	0	1	0	0.8678089822
1	19.97098646	800	0	1	0	0.858667496
1	7.626459144	800	0.2	0.85	0.15	0.752027027
1	8.988326848	800	0.2	0.85	0.15	0.6621621622
1	10.89494163	800	0.2	0.85	0.15	0.5864864865
1	13.3463035	800	0.2	0.85	0.15	0.5060810811
1	16.34241245	800	0.2	0.85	0.15	0.4209459459
1	19.88326848	800	0.2	0.85	0.15	0.2932432432
1	25.3307393	800	0.2	0.85	0.15	0.297972973
1	31.3229572	800	0.2	0.85	0.15	0.3074324324
1	37.85992218	800	0.2	0.85	0.15	0.3263513514
1	44.94163424	800	0.2	0.85	0.15	0.3358108108
1	52.29571984	800	0.2	0.85	0.15	0.35
1	60.19455253	800	0.2	0.85	0.15	0.3641891892
1	66.73151751	800	0.2	0.85	0.15	0.35
1	66.73151751	800	0.2	0.85	0.15	0.35
1	72.99610895	800	0.2	0.85	0.15	0.3405405405
1	80.62256809	800	0.2	0.85	0.15	0.3216216216
1	88.52140078	800	0.2	0.85	0.15	0.3074324324
1	96.96498054	800	0.2	0.85	0.15	0.2885135135
1	106.4980545	800	0.2	0.85	0.15	0.2695945946
1	114.1245136	800	0.2	0.85	0.15	0.2554054054
1	121.2062257	800	0.2	0.85	0.15	0.2364864865
1	7.626459144	800	0.1	0.85	0.15	1.016891892
1	8.443579767	800	0.1	0.85	0.15	0.9506756757
1	8.988326848	800	0.1	0.85	0.15	0.8939189189
1	10.89494163	800	0.1	0.85	0.15	0.8182432432
1	12.80155642	800	0.1	0.85	0.15	0.7331081081
1	14.70817121	800	0.1	0.85	0.15	0.6385135135
1	16.88715953	800	0.1	0.85	0.15	0.5439189189
1	19.06614786	800	0.1	0.85	0.15	0.4445945946
1	19.88326848	800	0.1	0.85	0.15	0.3925675676
1	26.96498054	800	0.1	0.85	0.15	0.3972972973
1	34.31906615	800	0.1	0.85	0.15	0.3972972973
1	42.49027237	800	0.1	0.85	0.15	0.3972972973
1	49.84435798	800	0.1	0.85	0.15	0.402027027
1	57.74319066	800	0.1	0.85	0.15	0.4067567568
1	60.46692607	800	0.1	0.85	0.15	0.4067567568
1	70	800	0.1	0.85	0.15	0.3972972973
1	77.3540856	800	0.1	0.85	0.15	0.3878378378
1	85.25291829	800	0.1	0.85	0.15	0.3831081081
1	93.42412451	800	0.1	0.85	0.15	0.3736486486
1	101.3229572	800	0.1	0.85	0.15	0.3689189189
1	108.6770428	800	0.1	0.85	0.15	0.3641891892
1	116.0311284	800	0.1	0.85	0.15	0.3547297297
1	116.0311284	800	0.1	0.85	0.15	0.3547297297
1	120.6614786	800	0.1	0.85	0.15	0.3452702703
1	8.171206226	800	0	0.85	0.15	1.310135135
1	8.988326848	800	0	0.85	0.15	1.191891892
1	10.35019455	800	0	0.85	0.15	1.102027027
1	11.9844358	800	0	0.85	0.15	1.012162162
1	13.89105058	800	0	0.85	0.15	0.9033783784
1	15.52529183	800	0	0.85	0.15	0.7851351351
1	17.15953307	800	0	0.85	0.15	0.6858108108
1	18.52140078	800	0	0.85	0.15	0.5817567568
1	20.42801556	800	0	0.85	0.15	0.4966216216
1	26.14785992	800	0	0.85	0.15	0.4918918919
1	32.41245136	800	0	0.85	0.15	0.4824324324
1	38.94941634	800	0	0.85	0.15	0.4824324324
1	46.84824903	800	0	0.85	0.15	0.4682432432
1	52.84046693	800	0	0.85	0.15	0.4587837838
1	60.19455253	800	0	0.85	0.15	0.4587837838
1	66.73151751	800	0	0.85	0.15	0.4587837838
1	73.26848249	800	0	0.85	0.15	0.4635135135
1	81.71206226	800	0	0.85	0.15	0.472972973
1	89.88326848	800	0	0.85	0.15	0.472972973
1	97.23735409	800	0	0.85	0.15	0.472972973
1	103.7743191	800	0	0.85	0.15	0.4824324324
1	110.0389105	800	0	0.85	0.15	0.4824324324
1	117.3929961	800	0	0.85	0.15	0.4966216216
1	120.6614786	800	0	0.85	0.15	0.4966216216
1	4.04040404	800	0.2	0.75	0.15	1.154515746
1	5.050505051	800	0.2	0.75	0.15	1.058957219
1	6.565656566	800	0.2	0.75	0.15	0.9634135472
1	7.575757576	800	0.2	0.75	0.15	0.8972667855
1	9.090909091	800	0.2	0.75	0.15	0.8090760547
1	16.16161616	800	0.2	0.75	0.15	0.7357546049
1	24.74747475	800	0.2	0.75	0.15	0.6404188948
1	33.33333333	800	0.2	0.75	0.15	0.5597890671
1	33.33333333	800	0.2	0.75	0.15	0.5597890671
1	39.8989899	800	0.2	0.75	0.15	0.4938057041
1	49.49494949	800	0.2	0.75	0.15	0.4646761735
1	58.08080808	800	0.2	0.75	0.15	0.4502228164
1	67.17171717	800	0.2	0.75	0.15	0.4284313725
1	74.74747475	800	0.2	0.75	0.15	0.4065953654
1	81.31313131	800	0.2	0.75	0.15	0.3994355318
1	90.90909091	800	0.2	0.75	0.15	0.3850118835
1	99.49494949	800	0.2	0.75	0.15	0.3852644088
1	110.1010101	800	0.2	0.75	0.15	0.3855763518
1	121.7171717	800	0.2	0.75	0.15	0.3785650624
1	134.3434343	800	0.2	0.75	0.15	0.3789364231
1	143.9393939	800	0.2	0.75	0.15	0.371865716
1	153.030303	800	0.2	0.75	0.15	0.3721330957
1	164.1414141	800	0.2	0.75	0.15	0.3651069519
1	175.2525253	800	0.2	0.75	0.15	0.3654337493
1	187.8787879	800	0.2	0.75	0.15	0.3584521687
1	195.959596	800	0.2	0.75	0.15	0.3586898396
1	202.020202	800	0.2	0.75	0.15	0.3588680927
1	4.545454545	800	0.1	0.75	0.15	1.478060012
1	5.050505051	800	0.1	0.75	0.15	1.367780749
1	6.565656566	800	0.1	0.75	0.15	1.272237077
1	7.070707071	800	0.1	0.75	0.15	1.176663696
1	9.090909091	800	0.1	0.75	0.15	1.059076055
1	13.63636364	800	0.1	0.75	0.15	0.9783273916
1	19.19191919	800	0.1	0.75	0.15	0.882902555
1	25.75757576	800	0.1	0.75	0.15	0.7728015449
1	31.81818182	800	0.1	0.75	0.15	0.6773915627
1	40.4040404	800	0.1	0.75	0.15	0.5452911468
1	50	800	0.1	0.75	0.15	0.5235145573
1	60.1010101	800	0.1	0.75	0.15	0.5238116459
1	68.68686869	800	0.1	0.75	0.15	0.5167112299
1	81.31313131	800	0.1	0.75	0.15	0.5097296494
1	93.43434343	800	0.1	0.75	0.15	0.5027332145
1	105.0505051	800	0.1	0.75	0.15	0.4957219251
1	118.1818182	800	0.1	0.75	0.15	0.4961081402
1	130.8080808	800	0.1	0.75	0.15	0.4817736185
1	143.9393939	800	0.1	0.75	0.15	0.4821598336
1	156.5656566	800	0.1	0.75	0.15	0.4751782531
1	168.6868687	800	0.1	0.75	0.15	0.4755347594
1	180.3030303	800	0.1	0.75	0.15	0.46852347
1	191.4141414	800	0.1	0.75	0.15	0.454144385
1	202.5252525	800	0.1	0.75	0.15	0.4544711824
1	4.545454545	800	0	0.75	0.15	1.801589424
1	4.545454545	800	0	0.75	0.15	1.801589424
1	5.050505051	800	0	0.75	0.15	1.706016043
1	5.555555556	800	0	0.75	0.15	1.610442662
1	6.565656566	800	0	0.75	0.15	1.529590018
1	7.070707071	800	0	0.75	0.15	1.45607546
1	9.595959596	800	0	0.75	0.15	1.331149733
1	15.65656566	800	0	0.75	0.15	1.198975045
1	22.22222222	800	0	0.75	0.15	1.074168152
1	28.78787879	800	0	0.75	0.15	0.9420083185
1	33.83838384	800	0	0.75	0.15	0.8465686275
1	40.4040404	800	0	0.75	0.15	0.7291146762
1	49.49494949	800	0	0.75	0.15	0.7073232323
1	63.63636364	800	0	0.75	0.15	0.6783273916
1	76.76767677	800	0	0.75	0.15	0.6566547831
1	88.38383838	800	0	0.75	0.15	0.6496434938
1	100	800	0	0.75	0.15	0.6352792632
1	111.6161616	800	0	0.75	0.15	0.6209150327
1	126.2626263	800	0	0.75	0.15	0.6213458111
1	143.4343434	800	0	0.75	0.15	0.6071449792
1	156.5656566	800	0	0.75	0.15	0.6001782531
1	174.7474747	800	0	0.75	0.15	0.5933600713
1	189.3939394	800	0	0.75	0.15	0.5790849673
1	189.3939394	800	0	0.75	0.15	0.5790849673
1	202.020202	800	0	0.75	0.15	0.5721033868
0.5979172128	1	300	0.2	1	0	0.02588658573
0.624783721	1	300	0.2	1	0	0.03499154772
0.6538921181	1	300	0.2	1	0	0.04539463574
0.6762820803	1	300	0.2	1	0	0.05319785574
0.6986503467	1	300	0.2	1	0	0.05711754549
0.7322497537	1	300	0.2	1	0	0.07141139567
0.7322497537	1	300	0.2	1	0	0.07141139567
0.7636000398	1	300	0.2	1	0	0.08311260972
0.7972066787	1	300	0.2	1	0	0.09870096998
0.846463149	1	300	0.2	1	0	0.115609152
0.8845246382	1	300	0.2	1	0	0.128615724
0.9046727113	1	300	0.2	1	0	0.1351208179
0.9360013017	1	300	0.2	1	0	0.1429385017
0.9718064382	1	300	0.2	1	0	0.1520579275
1.00089314	1	300	0.2	1	0	0.1585774853
1.045600745	1	300	0.2	1	0	0.1612388245
1.101474404	1	300	0.2	1	0	0.1626237333
1.130452627	1	300	0.2	1	0	0.1497256398
1.161665507	1	300	0.2	1	0	0.1368311623
1.201802551	1	300	0.2	1	0	0.1213621283
1.226289764	1	300	0.2	1	0	0.1045732727
1.255231828	1	300	0.2	1	0	0.0852026288
1.286423012	1	300	0.2	1	0	0.068424621
1.304242413	1	300	0.2	1	0	0.05809746793
1.339902912	1	300	0.2	1	0	0.04132669204
1.375585106	1	300	0.2	1	0	0.0284394464
1.400108478	1	300	0.2	1	0	0.01812314118
0.6003326674	1	300	0.1	1	0	0.05825295378
0.6317118811	1	300	0.1	1	0	0.07513220817
0.6608564377	1	300	0.1	1	0	0.09200784661
0.6989613184	1	300	0.1	1	0	0.1127814791
0.7325824211	1	300	0.1	1	0	0.1309588595
0.7572576636	1	300	0.1	1	0	0.1478272661
0.7908859981	1	300	0.1	1	0	0.1672991566
0.8245143327	1	300	0.1	1	0	0.1867710471
0.8648466385	1	300	0.1	1	0	0.2062537854
0.8984605093	1	300	0.1	1	0	0.2231366558
0.9454823225	1	300	0.1	1	0	0.2400412218
0.9454823225	1	300	0.1	1	0	0.2400412218
0.999208107	1	300	0.1	1	0	0.2569566357
1.07298795	1	300	0.1	1	0	0.2635485125
1.099811067	1	300	0.1	1	0	0.264886414
1.142175536	1	300	0.1	1	0	0.2481264859
1.182290885	1	300	0.1	1	0	0.2287739218
1.202359407	1	300	0.1	1	0	0.2210394048
1.235727394	1	300	0.1	1	0	0.1939089323
1.269080916	1	300	0.1	1	0	0.1641894396
1.300221477	1	300	0.1	1	0	0.1383498612
1.34476998	1	300	0.1	1	0	0.1125319786
1.380423247	1	300	0.1	1	0	0.09446669258
1.400462842	1	300	0.1	1	0	0.08155413529
0.6006074796	1	300	0	1	0	0.107444337
0.6477450032	1	300	0	1	0	0.1450610644
0.6836658501	1	300	0	1	0	0.1748926515
0.6971461115	1	300	0	1	0	0.187859448
0.7330452627	1	300	0	1	0	0.2138075049
0.7712079985	1	300	0	1	0	0.2449372181
0.8003959465	1	300	0	1	0	0.269579917
0.8407571799	1	300	0	1	0	0.2942406957
0.87889822	1	300	0	1	0	0.3214868786
0.9035662306	1	300	0	1	0	0.3370607751
0.972978006	1	300	0	1	0	0.3617685611
1.002100867	1	300	0	1	0	0.3747606693
1.100447474	1	300	0	1	0	0.3788033014
1.14725233	1	300	0	1	0	0.3568725649
1.202988583	1	300	0	1	0	0.3336617821
1.247443071	1	300	0	1	0	0.2910152683
1.283002323	1	300	0	1	0	0.2561213513
1.303020222	1	300	0	1	0	0.2393252637
1.349673209	1	300	0	1	0	0.1902098155
1.380806538	1	300	0	1	0	0.163075727
1.400795509	1	300	0	1	0	0.1411015992
0.03529411765	1	300	0	1	0	-0.001636407649
0.2117647059	1	300	0	1	0	-0.004880174292
0.3529411765	1	300	0	1	0	0.000096828855
0.3529411765	1	300	0	1	0	0.000096828855
0.4411764706	1	300	0	1	0	0.01493585088
0.4941176471	1	300	0	1	0	0.04128782377
0.5294117647	1	300	0	1	0	0.06598886468
0.5823529412	1	300	0	1	0	0.0939869281
0.6	1	300	0	1	0	0.117037037
0.6705882353	1	300	0	1	0	0.1466860324
0.6882352941	1	300	0	1	0	0.1812587751
0.7411764706	1	300	0	1	0	0.2174872912
0.7941176471	1	300	0	1	0	0.2553618978
0.8294117647	1	300	0	1	0	0.2882933914
0.9	1	300	0	1	0	0.3393415638
0.9882352941	1	300	0	1	0	0.3739336722
1.111764706	1	300	0	1	0	0.3772597434
1.164705882	1	300	0	1	0	0.3558750908
1.217647059	1	300	0	1	0	0.3328443476
1.252941176	1	300	0	1	0	0.2949939482
1.270588235	1	300	0	1	0	0.2670152505
1.305882353	1	300	0	1	0	0.2373953038
1.358823529	1	300	0	1	0	0.1995497458
1.394117647	1	300	0	1	0	0.1633454369
1.411764706	1	300	0	1	0	0.1403050109
1.447058824	1	300	0	1	0	0.1139772452
1.5	1	300	0	1	0	0.09259259259
1.623529412	1	300	0	1	0	0.07945775841
1.694117647	1	300	0	1	0	0.06466230937
1.835294118	1	300	0	1	0	0.05317840717
1.923529412	1	300	0	1	0	0.04332607117
2.047058824	1	300	0	1	0	0.03677559913
2.223529412	1	300	0	1	0	0.02694747035
2.382352941	1	300	0	1	0	0.01876059066
2.558823529	1	300	0	1	0	0.01551682401
2.735294118	1	300	0	1	0	0.01391914791
3	1	300	0	1	0	0.01234567901
3.229411765	1	300	0	1	0	0.01076252723
3.547058824	1	300	0	1	0	0.007557492133
3.847058824	1	300	0	1	0	0.007639796659
4.164705882	1	300	0	1	0	0.006080852094
4.464705882	1	300	0	1	0	0.002870975551
4.782352941	1	300	0	1	0	0.001312030985
0.1592216145	1	300	0.1	1	0	0.001327433628
0.2865425694	1	300	0.1	1	0	0.001327433628
0.3981596676	1	300	0.1	1	0	0.005309734513
0.478580315	1	300	0.1	1	0	0.02123893805
0.5273819863	1	300	0.1	1	0	0.04115044248
0.592098777	1	300	0.1	1	0	0.0610619469
0.6251261707	1	300	0.1	1	0	0.08362831858
0.6580831436	1	300	0.1	1	0	0.1048672566
0.6905471703	1	300	0.1	1	0	0.1168141593
0.7239266684	1	300	0.1	1	0	0.1460176991
0.8050515246	1	300	0.1	1	0	0.1752212389
0.8383606019	1	300	0.1	1	0	0.2030973451
0.9032886552	1	300	0.1	1	0	0.2269911504
0.9680054459	1	300	0.1	1	0	0.2469026549
1.016525434	1	300	0.1	1	0	0.2615044248
1.112156992	1	300	0.1	1	0	0.264159292
1.158564353	1	300	0.1	1	0	0.2389380531
1.20539424	1	300	0.1	1	0	0.2216814159
1.235393535	1	300	0.1	1	0	0.1871681416
1.265744936	1	300	0.1	1	0	0.1592920354
1.296378019	1	300	0.1	1	0	0.1367256637
1.358348396	1	300	0.1	1	0	0.1048672566
1.404755757	1	300	0.1	1	0	0.0796460177
1.483345461	1	300	0.1	1	0	0.0610619469
1.609962207	1	300	0.1	1	0	0.04778761062
1.720945518	1	300	0.1	1	0	0.03982300885
1.81615455	1	300	0.1	1	0	0.03451327434
1.911293162	1	300	0.1	1	0	0.02787610619
2.006713457	1	300	0.1	1	0	0.02654867257
2.197413206	1	300	0.1	1	0	0.02123893805
2.49944837	1	300	0.1	1	0	0.01460176991
2.722119199	1	300	0.1	1	0	0.01194690265
2.992676228	1	300	0.1	1	0	0.01194690265
3.279077956	1	300	0.1	1	0	0.01061946903
3.660899979	1	300	0.1	1	0	0.00796460177
3.979061524	1	300	0.1	1	0	0.005309734513
4.265463252	1	300	0.1	1	0	0.003982300885
4.504190042	1	300	0.1	1	0	0.003982300885
4.742775991	1	300	0.1	1	0	0.001327433628
4.997417901	1	300	0.1	1	0	0.001327433628
0.1736875714	1	300	0.2	1	0	0.00001915671743
0.2842160259	1	300	0.2	1	0	0.00003134735579
0.394976683	1	300	0.2	1	0	0.001367093017
0.4591807117	1	300	0.2	1	0	0.007330056696
0.5241974496	1	300	0.2	1	0	0.01792546295
0.5734244084	1	300	0.2	1	0	0.02851912769
0.6067454866	1	300	0.2	1	0	0.0384492734
0.6565529519	1	300	0.2	1	0	0.05235182569
0.6894096248	1	300	0.2	1	0	0.05963486136
0.7235434122	1	300	0.2	1	0	0.07419744964
0.757444997	1	300	0.2	1	0	0.0874364829
0.7911143791	1	300	0.2	1	0	0.09935196114
0.8250159639	1	300	0.2	1	0	0.1125909944
0.8589175487	1	300	0.2	1	0	0.1258300277
0.8922386269	1	300	0.2	1	0	0.1357601734
0.9418138896	1	300	0.2	1	0	0.1483391706
0.9912730509	1	300	0.2	1	0	0.1602563904
1.102149809	1	300	0.2	1	0	0.1622539136
1.146964918	1	300	0.2	1	0	0.1477000329
1.176106349	1	300	0.2	1	0	0.1338061882
1.205596084	1	300	0.2	1	0	0.121897676
1.203390158	1	300	0.2	1	0	0.1093239033
1.231951083	1	300	0.2	1	0	0.09212117108
1.244838329	1	300	0.2	1	0	0.07557847482
1.273747557	1	300	0.2	1	0	0.0603610751
1.288724627	1	300	0.2	1	0	0.05573037404
1.301727975	1	300	0.2	1	0	0.03984945529
1.331566013	1	300	0.2	1	0	0.02992627566
1.392751408	1	300	0.2	1	0	0.01868302405
1.474138431	1	300	0.2	1	0	0.03258905939
1.600340564	1	300	0.2	1	0	0.03194121403
1.678476751	1	300	0.2	1	0	0.02731747905
1.788308597	1	300	0.2	1	0	0.02335900462
1.882466766	1	300	0.2	1	0	0.02006056619
1.992530815	1	300	0.2	1	0	0.01742564678
2.228564794	1	300	0.2	1	0	0.012819327
2.480504654	1	300	0.2	1	0	0.008876526249
2.701677664	1	300	0.2	1	0	0.009562685036
2.970103911	1	300	0.2	1	0	0.009592290873
2.970103911	1	300	0.2	1	0	0.009592290873
3.254087734	1	300	0.2	1	0	0.008300083206
3.522281778	1	300	0.2	1	0	0.00700613402
3.901004276	1	300	0.2	1	0	0.005724375472
4.216567658	1	300	0.2	1	0	0.004435650845
4.563594497	1	300	0.2	1	0	0.002488631746
4.989570232	1	300	0.2	1	0	0.0005503202461
1	80	800	0.2029411765	1	0	1.280037547
1	80	800	0.4008403361	1	0	0.6772751654
1	80	800	0.6	1	0	0.1808510638
1	80	800	0.05042016807	1	0	1.817360987
1	80	800	0.04411764706	1	0	1.540988736
1	40	800	0.05042016807	1	0	1.093956732
1	40	800	0.1550420168	1	0	0.8242892902
1	40	800	0.2974789916	1	0	0.5320042911
1	40	800	0.4991596639	1	0	0.1631503665
1	40	800	0.4966386555	1	0	0.3121759342
1	40	800	0.4978991597	1	0	0.4397908099
1	20	800	0.2987394958	1	0	1.000044699
1	20	800	0.2987394958	1	0	0.808555337
1	20	800	0.1474789916	1	0	1.484131951
1	20	800	0.15	1	0	1.196808511